<?xml version="1.0" encoding="UTF-8"?>
<beans xmlns="http://www.springframework.org/schema/beans"
	xmlns:xsi="http://www.w3.org/2001/XMLSchema-instance" xmlns:mvc="http://www.springframework.org/schema/mvc"
	xmlns:context="http://www.springframework.org/schema/context"
	xsi:schemaLocation="http://www.springframework.org/schema/mvc
http://www.springframework.org/schema/mvc/spring-mvc-3.0.xsd
http://www.springframework.org/schema/beans
http://www.springframework.org/schema/beans/spring-beans-3.0.xsd
http://www.springframework.org/schema/context
http://www.springframework.org/schema/context/spring-context-3.0.xsd">
	<!-- **************************************************************** -->
	<!-- RESOURCE FOLDERS CONFIGURATION -->
	<!-- Dispatcher configuration for serving static resources -->
	<!-- **************************************************************** -->
	<!-- <mvc:resources location="/images/" mapping="/images/**" /> -->
	<!-- <mvc:resources location="/css/" mapping="/css/**" /> -->
	<!-- **************************************************************** -->
	<!-- SPRING ANNOTATION PROCESSING -->
	<!-- **************************************************************** -->
	<mvc:annotation-driven />
	<context:annotation-config />
	<context:component-scan base-package="com.illusionwaregames" />
	<context:component-scan base-package="com.illusionwaregames.webapp" />
	<!-- **************************************************************** -->
	<!-- MESSAGE EXTERNALIZATION/INTERNATIONALIZATION -->
	<!-- Standard Spring MessageSource implementation -->
	<!-- **************************************************************** -->
	<bean id="messageSource"
		class="org.springframework.context.support.ResourceBundleMessageSource">
		<property name="basename" value="Messages" />
	</bean>
	<!-- **************************************************************** -->
	<!-- THYMELEAF-SPECIFIC ARTIFACTS -->
	<!-- TemplateResolver <- TemplateEngine <- ViewResolver -->
	<!-- **************************************************************** -->
	<bean id="templateResolver"
		class="org.thymeleaf.templateresolver.ServletContextTemplateResolver">
		<property name="prefix" value="/WEB-INF/templates/" />
		<property name="suffix" value=".html" />
		<property name="templateMode" value="HTML5" />
	</bean>
	<bean id="templateEngine" class="org.thymeleaf.spring3.SpringTemplateEngine">
		<property name="templateResolver" ref="templateResolver" />
	</bean>
	<bean class="org.thymeleaf.spring3.view.ThymeleafViewResolver">
		<property name="templateEngine" ref="templateEngine" />
	</bean>
</beans>
